{
    "Frequency GE" : 5e9,
    "Power" : -30,

    "GE X/2-Gate Amplitude" : 0.0,
    "GE X/2-Gate Time" : 20e-9,
    "GE -X/2-Gate Phase" : 3.1415926535897932384626433832795,
    "GE Y/2-Gate Phase" : 1.5707963267948966192313216916398,
    "GE -Y/2-Gate Phase" : -1.5707963267948966192313216916398,
    "GE Y-Gate Phase" : 1.5707963267948966192313216916398,

    "GE X-Gate Amplitude" : 0.0,
    "GE X-Gate Time" : 20e-9,

    "GE T1" : 0,
    "GE T2*" : 0,

    "EF X-Gate Amplitude" : 0.0,
    "EF X-Gate Time" : 20e-9,

    "EF T1" : 0,
    "EF T2*" : 0
}